Column,1,2,3,4,5,6,7,8,9,10,11,12,13,14,15,16,17,18,19,20,21,22,23,24,25,26,27,28,29,30,31,32,33,34,35,36,37,38,39,40,41,42,43,44,45,46,47,48,49,50,51,52,53,54,55,56,57,58,59,60,61,62,63,64,65,66,67,68,69,70,71,72,73,74,75,76,77,78,79,80,81,82,83,84,85,86,87,88,89,90,91,92,93,94,95,96,97,98,99,100,101,102,103,104,105,106,107,108,109,110,111,112,113,114,115,116,117,118,119,120,121,122,123,124,125,126,127,128,129,130,131,132,133,134,135,136,137,138,139,140,141,142,143,144,145,146,147,148,149,150,151,152,153,154,155,156,157,158,159,160,161,162,163,164,165,166,167,168,169,170,171,172,173,174,175,176,177,178,179,180,181,182,183,184,185,186,187,188,189,190,191,192,193,194,195,196,197,198,199,200,201,202,203,204,205,206,207,208,209,210,211,212,213,214,215,216,217,218,219,220,221,222,223,224,225,226,227,228,229,230,231,232,233,234,235,236,237,238,239,240,241,242,243,244,245,246,247,248,249,250,251,252,253,254,255,256,257,258,259,260,261,262,263,264,265,266,267,268,269,270,271,272,273,274,275,276,277,278,279,280,281,282,283,284,285,286,287,288,289,290,291,292,293,294,295,296,297,298,299,300,301,302,303,304,305,306,307,308,309,310,311,312,313,314,315,316,317,318,319,320,321,322,323,324,325,326,327,328,329,330,331,332,333,334,335,336,337,338,339,340,341,342,343,344,345,346,347,348,349,350,351,352,353,354,355,356,357,358,359,360,361,362,363,364,365,366,367,368,369,370,371,372,373,374,375,376,377,378,379,380,381,382,383,384,385,386,387,388,389,390,391,392,393,394,395,396,397,398,399,
Conservation,0,0,0,0,0,0,2,6,9,10,7,10,10,7,0,10,0,0,0,5,0,0,0,0,0,0,0,0,0,4,0,10,0,0,0,4,0,0,0,0,2,0,2,0,0,0,0,0,0,0,0,1,0,0,0,0,0,0,1,10,4,2,7,6,7,3,6,6,3,1,9,3,3,1,9,0,0,0,0,0,0,0,5,0,0,5,5,5,1,7,5,8,4,3,10,0,0,0,0,0,0,0,2,0,0,0,0,0,0,0,0,0,0,0,0,0,0,0,0,0,0,0,0,0,0,0,0,0,9,1,2,10,5,3,4,5,4,3,2,2,7,8,6,6,9,10,9,10,5,8,7,0,0,0,0,0,0,0,0,0,0,0,0,0,0,0,0,0,0,0,0,0,0,0,0,10,4,3,5,7,0,6,0,0,0,0,0,0,0,0,0,0,0,0,0,0,0,0,0,0,0,0,0,0,0,0,0,0,0,0,0,0,0,0,0,0,1,0,0,0,0,0,0,0,0,0,0,0,0,0,0,0,0,0,0,0,0,0,0,0,0,7,4,0,0,2,6,2,3,0,6,0,0,3,0,0,0,0,0,0,0,0,0,1,0,0,0,0,0,0,0,0,0,0,0,0,0,6,0,0,0,0,0,0,0,0,0,0,0,0,0,0,0,0,0,0,0,0,0,0,0,0,0,3,0,7,2,2,10,4,0,6,0,1,0,0,10,4,7,8,9,10,6,10,6,8,4,3,2,3,9,2,3,3,9,3,5,2,3,4,8,3,3,7,6,3,8,8,0,0,2,2,0,0,0,0,0,0,0,0,0,0,0,0,0,0,0,0,0,0,0,0,0,0,0,0,0,0,0,0,0,0,0,0,0,0,0,0,0,0,0,0,0,0,0,0,0,0,0, 
Quality,295.5414,564.8876,574.1895,670.4938,1282.6138,1329.7804,29146.586,24060.84,35776.332,37004.152,25085.318,38680.42,35913.824,34520.426,3641.802,34509.2,3629.123,3344.8806,5110.42,28622.305,3173.0327,3656.1238,3646.9863,3586.5044,3641.4602,3696.5127,3693.8494,3672.2122,94.57428,17557.418,4336.797,38294.74,3617.5454,3536.81,1368.6025,27855.613,4261.8667,4244.706,4071.0476,4213.236,12276.879,4351.389,25269.53,7696.4795,3789.293,5724.157,7539.608,114.73926,2410.83,12736.307,1929.1368,20174.768,527.1965,1431.056,2824.0872,495.69403,892.3317,8334.062,1483.0698,40650.34,30319.693,14420.425,28325.48,17139.398,29679.668,13803.321,28660.604,30973.232,9364.079,12648.993,35183.023,17513.625,13469.162,3209.7898,36982.24,9022.192,14746.325,2503.71,9943.87,12681.346,2834.8967,3016.9119,23273.705,1083.2748,5111.0605,14198.523,16423.46,24852.635,8005.287,30155.396,33635.355,37879.523,15499.128,13908.989,36230.41,332.9148,64.46105,64.46934,1206.0404,6589.4053,11137.644,472.77368,19976.223,3336.2522,3048.9866,787.67377,1613.8916,2996.0178,2762.2397,4879.977,2371.31,172.90237,496.86743,556.71674,2436.8513,6804.06,2477.684,3329.5945,4106.6616,4079.456,7873.7773,7386.5,13005.602,303.1773,307.18674,307.48453,306.83206,7128.614,33906.973,6975.634,9336.448,39479.16,17963.818,12936.6875,14800.791,28967.895,21443.441,19176.986,1086.954,13532.59,33341.562,29259.646,26467.637,26537.682,37907.344,40124.02,37643.87,39917.73,18905.61,32557.488,26389.123,949.69403,8213.407,811.1346,5785.6606,11266.03,14387.61,5505.5825,891.3639,11566.367,5773.3965,13545.007,215.13097,434.7737,375.56342,4155.1514,1242.3196,521.98804,1918.9161,9956.742,1074.0537,13050.191,544.0435,731.84406,713.4475,40712.348,15285.709,19047.328,26145.934,20852.162,16129.763,16477.252,14070.638,10671.995,456.75772,684.94885,13675.073,10415.501,18265.816,16659.355,15353.78,5129.1333,12636.405,16140.984,585.95825,16379.638,14060.712,5994.5605,14719.5205,17048.59,12203.497,14696.691,11832.301,132.81065,12032.179,12.096246,60.433865,13633.911,6525.908,3289.6138,3315.9773,3310.4587,17940.092,3939.4346,400.61176,1371.9985,13361.402,350.66873,12844.552,13045.34,13147.105,15160.603,13890.898,1683.3105,5830.681,2862.2239,11580.039,3187.3557,3497.336,13686.444,13409.948,5144.706,11840.108,378.77713,648.79675,11898.58,5932.9116,9746.865,10622.549,11631.52,10641.637,32825.99,19502.947,7996.3677,9158.08,12473.179,27644.871,137.25583,16978.31,12431.122,23885.24,15721.063,12149.485,13309.481,13037.485,19761.498,10697.907,12917.592,11612.91,17002.242,8673.955,12738.937,12274.648,18247.064,12406.55,10618.749,14874.6875,13701.807,12033.059,11858.16,13759.161,569.43585,13917.896,13903.685,253.09871,13533.808,895.6587,21665.355,443.44385,12955.689,983.7098,1296.1576,2539.588,12427.917,12590.746,10909.114,15186.235,411.4111,731.408,24.18921,818.34814,1163.02,12999.017,333.02264,13499.1,7404.067,4276.3013,3726.6453,12667.406,11682.157,4256.0483,8777.81,4391.1855,20518.822,16012.371,25999.283,0,27397.77,37794.89,24912.717,12727.771,19346.242,13002.845,10369.2705,263.03964,17935.248,37731.477,30810.275,34212.562,34957.426,34197.824,39147.516,15657.132,32510.111,24879.904,35065.445,29710.145,30955.146,13313.937,10558.088,32087.357,8743.41,17392.797,2742.3938,36845.934,7440.5957,19878.99,11572.545,11713.956,791.7024,26536.246,15523.743,18293.938,25219.951,33405.27,9738.456,23507.66,32704.625,8871.347,10987.042,28036.719,30803.906,11406.316,13779.087,10705.424,739.91394,11440.849,1071.5021,1234.7877,776.18005,699.1919,11526.734,4789.9937,5832.7305,2827.2488,211.10416,247.05743,717.3723,11208.775,9280.552,7838.439,7981.4307,7410.1196,4696.313,8980.586,8945.778,5757.6777,8589.229,5292.619,5697.278,7205.7173,5461.371,5905.118,4559.9473,5243.4336,4844.636,2152.9963,4215.1353,3323.4067,1805.4893,337.1228,2360.225,1887.8845,1790.9689,1476.3147,961.1551,487.52695,291.2392,259.22122, 
Consensus,0.25610718,0.64519304,0.42356187,0.47773838,1.5464933,0.9505516,45.759457,50.58609,56.732662,97.67041,58.0329,97.621155,96.93656,88.25847,4.3636723,90.760445,9.1115055,3.073286,23.02502,86.38692,3.5756502,4.0090623,5.5998816,8.815997,6.323877,6.678487,4.895587,9.530142,0.18715525,59.456264,4.7330575,97.729515,5.033491,4.47695,2.2064617,71.24705,9.48089,5.609732,9.554768,6.816391,33.279156,7.471434,71.734634,9.608944,4.5262017,8.880024,15.297479,0.09357762,1.1771079,12.519701,1.0293539,65.9673,0.48758864,0.79787236,1.0884554,0.40878645,0.38416076,25.068953,21.631207,99.70942,80.93971,43.18361,39.977345,39.593185,84.515366,29.343971,44.744877,68.833725,26.02443,26.349487,65.68656,31.387903,19.671001,26.319937,67.57782,21.498226,22.064617,2.0587077,16.464737,19.6513,1.3100867,3.7726557,69.685776,0.73384553,4.9842396,22.896967,26.768124,59.717297,27.630024,51.211582,83.1117,92.99153,32.244877,27.53152,93.12943,0.428487,0.059101656,0.064026795,0.7535461,21.394798,51.6844,0.8717494,30.058117,4.0139875,1.856777,0.7092199,0.93085104,1.9897557,2.3049645,3.8120568,2.3345153,0.09357762,0.41371158,0.50728923,1.2657604,6.6489363,1.2214342,4.1174154,3.684003,5.6885343,6.0825453,9.515367,36.95331,0.56146574,0.6993696,0.28073287,0.5171395,9.554768,78.63475,15.15465,26.379038,98.56679,37.73148,21.04019,42.119778,75.812645,40.868793,27.058708,21.552404,20.89736,85.86978,78.76773,55.028564,70.77916,47.17297,98.315605,67.71079,98.483055,64.95764,65.898346,49.911346,1.319937,25.408787,0.89145,2.9895587,21.28152,21.636131,2.8418045,0.53684,23.813042,4.151891,20.399921,0.123128444,0.40878645,0.43341213,1.7484239,0.98502755,0.18715525,1.4184397,44.577423,0.91607565,33.328407,0.28073287,0.714145,0.35460994,99.773445,41.179077,38.68696,58.73227,41.34653,18.769701,53.092987,47.645782,12.278369,0.26595744,0.4186367,21.468676,24.10855,48.68006,25.108353,38.58353,4.0632386,24.901497,23.414106,0.679669,37.376873,27.457644,23.670214,38.918438,43.390465,13.115643,21.04019,47.665485,0.083727345,43.966705,0.019700551,0.044326242,11.086486,5.1024427,5.131994,4.870961,5.067967,31.274626,3.250591,0.27088258,0.91607565,50.187157,0.19700551,30.654058,21.581955,32.432034,43.23286,12.948188,1.0490544,12.884161,5.5161543,10.150709,4.9793143,5.097518,19.715326,11.726753,10.515169,13.125492,0.4186367,0.33490938,26.77305,6.639086,22.419228,31.368204,12.273443,14.071119,63.155045,52.354218,6.816391,12.514775,20.572302,43.92238,27.477345,49.660164,11.938535,51.09338,18.77955,15.080772,19.858156,22.448778,34.485817,18.252562,11.249015,12.3079195,38.17967,39.22872,9.865051,13.57368,36.574074,11.224389,10.475768,31.772064,41.41056,12.578802,17.036053,23.22695,0.3398345,29.260244,43.676125,0.1822301,11.140662,0.6993696,37.800434,0.65011823,17.085304,0.7289204,0.91607565,1.5267928,16.57309,35.55457,34.28881,42.405437,0.6205674,0.856974,0.014775414,1.3888888,1.0441293,12.051812,0.13297872,17.326635,16.843971,8.540189,4.0780144,31.245075,27.516745,2.359141,28.427896,9.993105,56.954296,41.321907,58.643616,25.17238,79.07801,86.89421,41.99665,12.33747,27.85658,40.666862,45.92691,0.09357762,36.229313,94.91233,62.007484,47.74921,87.79058,56.40268,98.02502,37.50985,80.21079,70.266945,47.916668,65.3615,78.51655,44.001183,21.468676,55.988968,45.498425,26.881403,28.964737,79.48187,13.711584,36.908985,20.463947,23.532309,33.811073,53.5461,28.014185,36.918835,26.295311,83.515564,16.696217,48.18755,63.618008,24.85717,12.810284,70.19306,50.640266,17.31186,13.164893,37.775806,1.8272262,25.985027,0.71907014,0.8963751,0.36938533,0.34475964,10.288613,2.0931835,2.073483,3.2013397,0.10835303,0.11327817,0.44818756,4.5606775,8.820922,12.603428,12.697005,4.1962175,4.250394,6.4519305,6.737589,3.1717887,6.146572,3.4869976,3.5559494,4.8660364,2.605398,2.8861308,2.3394406,2.467494,2.9501576,0.9210008,2.5856974,1.4036644,0.571316,0.15760441,2.1769109,0.8865248,0.8963751,0.6008668,0.49251378,0.36938533,0.3004334,0.1822301, 
Consensus,S 0.256%, N 0.645%, R 0.424%, P 0.478%, F 1.546%, T 0.951%, V 45.759%, V 50.586%, I 56.733%, D 97.670%, P 58.033%, G 97.621%, H 96.937%, G 88.258%, P 4.364%, G 90.760%, N 9.112%, F 3.073%, E 23.025%, D 86.387%, T 3.576%, A 4.009%, E 5.600%, I 8.816%, N 6.324%, R 6.678%, Q 4.896%, V 9.530%, D 0.187%, P 59.456%, I 4.733%, G 97.730%, T 5.033%, G 4.477%, G 2.206%, A 71.247%, K 9.481%, E 5.610%, C 9.555%, D 6.816%, I 33.279%, T 7.471%, G 71.735%, T 9.609%, S 4.526%, T 8.880%, P 15.297%, K 0.094%, N 1.177%, S 12.520%, R 1.029%, G 65.967%, E 0.488%, K 0.798%, G 1.088%, Y 0.409%, G 0.384%, T 25.069%, R 21.631%, E 99.709%, K 80.940%, D 43.184%, V 39.977%, T 39.593%, L 84.515%, A 29.344%, I 44.745%, A 68.834%, K 26.024%, R 26.349%, L 65.687%, R 31.388%, A 19.671%, L 26.320%, L 67.578%, E 21.498%, A 22.065%, Q 2.059%, E 16.465%, P 19.651%, E 1.310%, P 3.773%, G 69.686%, N 0.734%, R 4.984%, A 22.897%, R 26.768%, V 59.717%, V 27.630%, L 51.212%, T 83.112%, R 92.992%, D 32.245%, G 27.532%, D 93.129%, V 0.428%, V 0.059%, S 0.064%, T 0.754%, Y 21.395%, F 51.684%, D 0.872%, I 30.058%, A 4.014%, D 1.857%, E 0.709%, E 0.931%, D 1.990%, T 2.305%, S 3.812%, G 2.335%, G 0.094%, G 0.414%, L 0.507%, Y 1.266%, R 6.649%, K 1.221%, R 4.117%, P 3.684%, K 5.689%, V 6.083%, G 9.515%, P 36.953%, R 0.561%, K 0.699%, A 0.281%, E 0.517%, C 9.555%, L 78.635%, R 15.155%, E 26.379%, R 98.567%, V 37.731%, E 21.040%, I 42.120%, A 75.813%, R 40.869%, K 27.059%, A 21.552%, G 20.897%, A 85.870%, D 78.768%, L 55.029%, F 70.779%, V 47.173%, S 98.316%, I 67.711%, H 98.483%, A 64.958%, D 65.898%, A 49.911%, A 1.320%, F 25.409%, P 0.891%, P 2.990%, P 21.282%, S 21.636%, R 2.842%, A 0.537%, P 23.813%, G 4.152%, S 20.400%, S 0.123%, P 0.409%, S 0.433%, K 1.748%, A 0.985%, G 0.187%, S 1.418%, A 44.577%, A 0.916%, R 33.328%, N 0.281%, A 0.714%, K 0.355%, G 99.773%, A 41.179%, S 38.687%, V 58.732%, Y 41.347%, A 18.770%, L 53.093%, S 47.646%, D 12.278%, S 0.266%, S 0.419%, R 21.469%, G 24.109%, A 48.680%, S 25.108%, S 38.584%, A 4.063%, E 24.901%, A 23.414%, Y 0.680%, A 37.377%, R 27.458%, W 23.670%, L 38.918%, A 43.390%, D 13.116%, R 21.040%, E 47.665%, S 0.084%, N 43.967%, R 0.020%, K 0.044%, R 11.086%, V 5.102%, I 5.132%, L 4.871%, L 5.068%, S 31.275%, D 3.251%, I 0.271%, V 0.916%, D 50.187%, P 0.197%, L 30.654%, I 21.582%, G 32.432%, G 43.233%, V 12.948%, D 1.049%, G 12.884%, Y 5.516%, N 10.151%, G 4.979%, V 5.098%, V 19.715%, S 11.727%, L 10.515%, P 13.125%, G 0.419%, S 0.335%, S 26.773%, S 6.639%, K 22.419%, D 31.368%, R 12.273%, Y 14.071%, L 63.155%, A 52.354%, D 6.816%, Q 12.515%, V 20.572%, L 43.922%, L 27.477%, D 49.660%, E 11.939%, L 51.093%, S 18.780%, Q 15.081%, T 19.858%, A 22.449%, T 34.486%, I 18.253%, N 11.249%, D 12.308%, S 38.180%, L 39.229%, K 9.865%, L 13.574%, A 36.574%, N 11.224%, Y 10.476%, V 31.772%, L 41.411%, K 12.579%, N 17.036%, L 23.227%, K 0.340%, R 29.260%, G 43.676%, S 0.182%, R 11.141%, G 0.699%, V 37.800%, A 0.650%, G 17.085%, G 0.729%, P 0.916%, L 1.527%, K 16.573%, L 35.555%, H 34.289%, K 42.405%, A 0.621%, D 0.857%, [AK] 0.015%, V 1.389%, V 1.044%, N 12.052%, K 0.133%, R 17.327%, G 16.844%, L 8.540%, D 4.078%, V 31.245%, E 27.517%, S 2.359%, Q 28.428%, L 9.993%, A 56.954%, G 41.322%, F 58.644%, A 25.172%, V 79.078%, L 86.894%, K 41.997%, E 12.337%, A 27.857%, P 40.667%, D 45.927%, K 0.094%, I 36.229%, P 94.912%, S 62.007%, V 47.749%, L 87.791%, V 56.403%, E 98.025%, T 37.510%, G 80.211%, F 70.267%, I 47.917%, S 65.362%, N 78.517%, P 44.001%, E 21.469%, E 55.989%, E 45.498%, A 26.881%, L 28.965%, L 79.482%, T 13.712%, S 36.909%, P 20.464%, A 23.532%, Y 33.811%, Q 53.546%, Q 28.014%, K 36.919%, L 26.295%, A 83.516%, E 16.696%, A 48.188%, I 63.618%, A 24.857%, D 12.810%, G 70.193%, I 50.640%, K 17.312%, R 13.165%, Y 37.776%, Y 1.827%, F 25.985%, K 0.719%, Q 0.896%, G 0.369%, L 0.345%, A 10.289%, K 2.093%, R 2.073%, R 3.201%, T 0.108%, R 0.113%, G 0.448%, A 4.561%, N 8.821%, P 12.603%, P 12.697%, A 4.196%, G 4.250%, T 6.452%, G 6.738%, G 3.172%, A 6.147%, L 3.487%, L 3.556%, R 4.866%, D 2.605%, S 2.886%, G 2.339%, K 2.467%, L 2.950%, T 0.921%, A 2.586%, R 1.404%, V 0.571%, S 0.158%, E 2.177%, L 0.887%, A 0.896%, A 0.601%, A 0.493%, D 0.369%, R 0.300%, R 0.182%, 
Occupancy,147,283,287,336,654,672,18482,19770,19921,19932,19938,20006,20009,20007,1938,20006,1952,1768,19259,19898,1643,1895,1937,1924,1939,1940,1945,1939,47,19980,2336,20057,1880,1880,695,20028,2257,2299,2298,2322,19795,2269,18893,4312,1952,3055,17897,57,1249,15373,988,17898,264,726,1474,248,449,19153,19948,20285,20283,20286,20289,20287,20290,20287,20290,20293,20293,20278,20293,20290,20299,20104,20264,18769,16702,1294,18331,13326,1475,1586,20088,547,2794,20244,20291,20304,20300,20302,20297,20297,19830,20166,20210,166,32,32,609,17183,16921,237,16880,1739,1596,396,822,1577,1424,2609,1223,86,248,279,1263,3808,1279,1739,2189,2185,4891,4348,16732,151,153,153,153,4474,20291,20253,20300,20304,20168,20163,20162,20160,20117,20277,20271,20278,20300,20303,20301,20304,20304,20304,20304,20304,20295,20304,19810,475,18941,408,3221,15933,16635,3033,448,18013,3196,18774,107,217,187,2200,626,261,976,19549,540,19484,272,366,358,20282,20279,20304,20303,20260,11779,19976,16558,13897,228,343,14202,6690,14759,15493,17158,2750,13405,12516,294,15034,11716,11261,11700,11612,12389,14147,12025,66,11460,6,30,13560,3645,1761,1757,1752,17858,2120,200,696,18415,175,13056,11696,9122,12937,11111,858,3251,1515,9344,1683,1840,13210,10449,2847,13602,189,325,17923,3209,19378,14504,17180,12826,20142,19905,4938,17764,20193,20180,20131,20136,9609,20059,13446,15220,19938,14022,18470,13830,9254,12269,14779,19238,11384,9467,19517,15362,13922,11523,16645,16793,17617,11691,285,10887,17498,126,11094,451,19801,221,10018,496,656,1308,15201,9200,12667,19271,205,368,12,411,587,13066,166,11756,4294,2311,2011,13047,19184,2314,19205,2384,16804,18274,20262,20234,17991,20300,20301,11076,19838,9775,17875,131,17986,20304,20304,20304,20304,20304,20304,20304,20304,20300,20300,20297,20300,20280,20278,20279,20197,20184,20163,20163,20076,19969,19929,19885,19840,19963,19946,19925,19923,19893,19856,19844,19845,19469,19409,19396,19306,15285,14303,11937,373,9506,540,624,390,351,7449,2604,3255,1464,105,123,360,7696,6051,4732,4811,4282,2508,5252,5481,3231,4830,3005,3115,4088,3083,3254,2457,2855,2636,1102,2237,1744,923,168,1219,967,911,748,483,244,145,129, 
Occupancy %,0.007239953,0.01393814,0.014135146,0.016548463,0.032210402,0.033096927,0.910263987,0.973699764,0.981136722,0.981678487,0.981973995,0.985323089,0.985470843,0.98537234,0.095449173,0.985323089,0.096138692,0.087076438,0.948532309,0.98000394,0.080920016,0.093331363,0.095399921,0.094759653,0.095498424,0.095547675,0.095793932,0.095498424,0.002314815,0.984042553,0.115051221,0.987834909,0.092592593,0.092592593,0.034229708,0.986406619,0.111160362,0.11322892,0.113179669,0.114361702,0.974931048,0.111751379,0.930506304,0.212371946,0.096138692,0.150462963,0.881451931,0.002807329,0.061514972,0.75714145,0.048660362,0.881501182,0.013002364,0.035756501,0.072596533,0.012214342,0.022113869,0.943311663,0.982466509,0.999064224,0.998965721,0.999113475,0.999261229,0.999162727,0.999310481,0.999162727,0.999310481,0.999458235,0.999458235,0.998719464,0.999458235,0.999310481,0.999753743,0.990149724,0.998029945,0.924399133,0.822596533,0.063731284,0.902827029,0.656323877,0.072645784,0.078112687,0.989361702,0.026940504,0.137608353,0.997044917,0.999359732,1,0.999802994,0.999901497,0.99965524,0.99965524,0.976654846,0.99320331,0.99537037,0.008175729,0.001576044,0.001576044,0.02999409,0.846286446,0.833382585,0.011672577,0.831363278,0.085648148,0.078605201,0.019503546,0.040484634,0.077669425,0.070133964,0.128496848,0.060234437,0.004235619,0.012214342,0.013741135,0.062204492,0.187549251,0.062992514,0.085648148,0.107811269,0.107614263,0.240888495,0.214144996,0.824074074,0.007436958,0.007535461,0.007535461,0.007535461,0.22035067,0.999359732,0.99748818,0.999802994,1,0.993301812,0.993055556,0.993006304,0.992907801,0.990789992,0.998670213,0.998374704,0.998719464,0.999802994,0.999950749,0.999852246,1,1,1,1,1,0.999556738,1,0.975669819,0.023394405,0.93287037,0.020094563,0.158638692,0.784722222,0.81929669,0.149379433,0.022064618,0.887165091,0.157407407,0.92464539,0.005269898,0.010687549,0.009210008,0.108353034,0.030831363,0.01285461,0.048069346,0.962815209,0.026595745,0.959613869,0.013396375,0.018026005,0.017631994,0.99891647,0.998768716,1,0.999950749,0.997832939,0.580131994,0.983845548,0.815504334,0.684446414,0.011229314,0.016893223,0.699468085,0.329491726,0.726901103,0.763051615,0.845055162,0.135441292,0.660214736,0.61643026,0.014479905,0.740445232,0.577029157,0.554619779,0.576241135,0.571907013,0.610175335,0.696759259,0.592247833,0.003250591,0.564420804,0.000295508,0.001477541,0.6678487,0.179521277,0.086731678,0.086534673,0.086288416,0.879531127,0.104412924,0.009850276,0.03427896,0.906964145,0.008618991,0.643026005,0.576044129,0.44927108,0.637165091,0.547232072,0.042257683,0.160116233,0.074615839,0.460204886,0.082890071,0.090622537,0.650610717,0.51462766,0.140218676,0.669917258,0.009308511,0.016006698,0.882732467,0.158047675,0.954393223,0.714342002,0.846138692,0.631698188,0.992021277,0.9803487,0.24320331,0.874901497,0.994533097,0.993892829,0.991479511,0.991725768,0.473256501,0.987933412,0.662234043,0.749605989,0.981973995,0.690602837,0.909672971,0.681146572,0.455772262,0.604265169,0.727886131,0.94749803,0.560677699,0.466262805,0.961239165,0.756599685,0.685677699,0.567523641,0.819789204,0.827078408,0.867661545,0.575797872,0.014036643,0.536199764,0.86180063,0.006205674,0.546394799,0.022212372,0.975226556,0.010884555,0.493400315,0.024428684,0.032308905,0.064420804,0.748670213,0.453112687,0.623867218,0.949123325,0.010096533,0.018124507,0.000591017,0.020242317,0.028910559,0.643518519,0.008175729,0.578999212,0.211485422,0.113819937,0.099044523,0.642582742,0.944838455,0.113967691,0.945872734,0.117415288,0.827620173,0.900019701,0.997931442,0.996552403,0.88608156,0.999802994,0.999852246,0.545508274,0.977048857,0.48143223,0.8803684,0.006451931,0.885835303,1,1,1,1,1,1,1,1,0.999802994,0.999802994,0.99965524,0.999802994,0.998817967,0.998719464,0.998768716,0.994730102,0.994089835,0.993055556,0.993055556,0.988770686,0.983500788,0.981530733,0.979363672,0.97714736,0.98320528,0.982368006,0.981333727,0.981235225,0.979757683,0.977935382,0.977344366,0.977393617,0.958875099,0.955920016,0.955279748,0.950847124,0.752807329,0.704442474,0.587913712,0.018370764,0.468183609,0.026595745,0.030732861,0.019208038,0.017287234,0.366873522,0.128250591,0.160313239,0.072104019,0.005171395,0.00605792,0.017730496,0.379038613,0.298020095,0.233057526,0.236948385,0.210894405,0.123522459,0.258668243,0.269946809,0.159131206,0.237884161,0.148000394,0.153418046,0.201339638,0.151842002,0.160263987,0.121010638,0.140612687,0.129826635,0.05427502,0.110175335,0.085894405,0.045459023,0.008274232,0.060037431,0.047626084,0.044868006,0.036840032,0.023788416,0.012017336,0.00714145,0.006353428,
4BIN,-,-,-,-,-,-,I,M,L,D,P,G,H,G,-,G,-,-,E,D,-,-,-,-,-,-,-,-,-,S,-,G,-,-,-,A,-,-,-,-,V,-,G,-,-,-,K,-,-,Y,-,K,-,-,-,-,-,T,R,E,K,D,V,V,L,Q,I,A,R,R,L,R,S,L,I,E,K,-,E,G,-,-,N,-,-,M,K,V,Y,M,T,R,N,E,D,-,-,-,-,I,F,-,I,-,-,-,-,-,-,-,-,-,-,-,-,-,-,-,-,-,-,-,P,-,-,-,-,-,L,Q,V,R,V,A,K,A,Q,K,Q,R,A,D,L,F,V,S,I,H,A,D,A,-,F,-,-,T,S,-,-,R,-,Q,-,-,-,-,-,-,-,P,-,S,-,-,-,G,S,S,V,F,A,L,S,T,-,-,K,G,A,T,S,-,T,A,-,A,K,Y,L,A,Q,T,Q,-,N,-,-,A,-,-,-,-,S,-,-,-,D,-,L,I,G,G,-,-,-,-,-,-,-,V,S,-,K,-,-,S,-,G,D,R,Y,V,D,-,H,T,M,F,D,-,M,V,Q,S,L,T,I,A,D,S,L,K,F,G,R,A,V,L,N,K,L,-,-,G,-,K,-,I,-,N,-,-,-,K,L,H,K,-,-,-,-,-,N,-,Q,-,-,-,V,E,-,Q,-,A,G,F,A,V,L,K,-,A,P,D,-,I,P,S,I,L,V,E,T,A,F,I,S,N,V,E,E,E,R,K,L,K,T,A,T,F,Q,Q,E,V,A,E,S,I,L,A,G,I,K,A,-,-,-,-,-,-,-,-,-,-,-,-,-,-,-,-,-,-,-,-,-,-,-,-,-,-,-,-,-,-,-,-,-,-,-,-,-,-,-,-,-,-,-,-,-,
3NE8,-,-,-,-,-,-,V,V,L,D,P,G,H,G,-,G,-,-,I,D,-,-,-,-,-,-,-,-,-,G,-,G,-,-,-,A,-,-,-,-,R,-,G,V,-,-,T,-,-,-,-,G,-,-,-,-,-,I,L,E,K,D,V,T,L,A,F,A,R,A,L,R,D,E,L,Q,-,-,K,G,-,-,S,-,H,T,I,V,A,L,T,R,D,S,D,-,-,-,-,I,F,-,L,-,-,-,-,-,-,-,-,-,-,-,-,-,-,-,-,-,-,-,R,-,-,-,-,-,L,S,E,R,V,K,K,A,Q,E,F,D,A,D,L,F,I,S,I,H,A,D,T,-,I,-,-,-,D,-,-,V,H,S,-,-,-,-,-,-,-,L,-,R,-,-,-,G,A,T,V,Y,T,I,S,D,-,-,E,-,A,S,D,A,I,A,-,K,S,-,L,A,E,S,E,-,N,-,-,K,-,-,-,-,V,-,-,-,D,-,L,L,D,G,L,-,-,-,P,-,-,K,-,-,E,-,-,-,-,E,S,L,E,L,T,D,-,I,L,L,D,-,L,T,R,R,E,T,H,A,F,S,I,N,F,A,N,N,V,V,S,N,L,-,S,K,S,H,-,I,-,-,-,-,-,N,L,I,N,-,-,-,-,-,N,-,P,-,-,-,H,R,-,Y,-,A,D,F,Q,V,L,K,-,A,P,D,-,V,P,S,V,L,I,E,I,G,Y,L,S,N,K,E,D,E,K,L,L,N,N,P,Q,W,R,K,Q,M,A,A,S,I,A,Y,S,I,R,Q,-,-,-,-,-,-,-,-,-,-,-,-,-,-,-,-,-,-,-,-,-,-,-,-,-,-,-,-,-,-,-,-,-,-,-,-,-,-,-,-,-,-,-,-,-,
,0.019528172,,,,,,0.973114903,,,,,,,,,,0.301190509,,,,,,,,,,,,,,,,,,,,,,,,,,,,,,,,,,,,,,,,,0.92492805,,,,,,,,,,,,,,,,,,,,,,,0.260933806,,,,,0.996064815,,,,,,,,,,0.160555018,,,,,,,,,,,,,,,,,,,,,,,,,,,,,,,,,0.955462963,,,,,,,,,,,,,,,,,,,,,,,,,0.279398596,,,,,,,,,,,,,,,,,,,,,,0.921868844,,,,,,,,0.413690355,,,,,,,,,,,,,,,,,,,,,,,,,,,,,,,,,,,,,,,,,,,,,,,,,,,,,,,,,,0.986184989,,0.24320331,0.901103231,,,,,,,0.487672001,,,,,,,,,,,,,,,,,,,,,,,,,,,,,,,,,,,,,,,,,,,,,,,,,,,,0.929095397,,,,,,,,,,,,,,,,,,,,,,,,,,,,,,,,,,,,,,,,,,,,,,,,,,,0.13513265,,,,,,,,,,,,,,,,,,,,,,,,,,,,,,,,,,,,,,,,,,,,,
